{"cameraMode":{"drawMode":0,"name":"Shaded","section":"Shading Mode"},"sceneLighting":true,"audioPlay":false,"sceneViewState":{"showFog":true,"showMaterialUpdate":false,"showSkybox":true,"showFlares":true,"showImageEffects":true,"showParticleSystems":true},"in2DMode":false,"pivot":{"x":-7.313958644866943,"y":8.7750883102417,"z":-38.2431526184082},"rotation":{"x":0.12930718064308167,"y":-0.5955957174301148,"z":0.09788724780082703,"w":0.7867522239685059},"size":6.235533714294434,"orthographic":false}