{"cameraMode":{"drawMode":0,"name":"Shaded","section":"Shading Mode"},"sceneLighting":true,"audioPlay":false,"sceneViewState":{"showFog":true,"showMaterialUpdate":false,"showSkybox":true,"showFlares":true,"showImageEffects":true,"showParticleSystems":true},"in2DMode":false,"pivot":{"x":11.581652641296387,"y":0.9088172316551209,"z":-6.146164894104004},"rotation":{"x":0.04627571627497673,"y":0.7287821769714356,"z":-0.04949429631233215,"w":0.6813865303993225},"size":10.0,"orthographic":false}