{"cameraMode":{"drawMode":0,"name":"Shaded","section":"Shading Mode"},"sceneLighting":true,"audioPlay":false,"sceneViewState":{"showFog":true,"showMaterialUpdate":false,"showSkybox":true,"showFlares":true,"showImageEffects":true,"showParticleSystems":true},"in2DMode":false,"pivot":{"x":1.8452718257904053,"y":1.3363920450210572,"z":-11.512407302856446},"rotation":{"x":0.034492768347263339,"y":0.006598207168281078,"z":-0.0002265626535518095,"w":0.9993861317634583},"size":0.8758282661437988,"orthographic":false}