{"cameraMode":{"drawMode":0,"name":"Shaded","section":"Shading Mode"},"sceneLighting":false,"audioPlay":false,"sceneViewState":{"showFog":true,"showMaterialUpdate":false,"showSkybox":false,"showFlares":true,"showImageEffects":true,"showParticleSystems":true},"in2DMode":false,"pivot":{"x":0.05335807800292969,"y":0.07676288485527039,"z":0.011535584926605225},"rotation":{"x":-0.15400412678718568,"y":0.22895148396492005,"z":-0.03682565316557884,"w":-0.9605873823165894},"size":0.9375900030136108,"orthographic":false}