{"cameraMode":{"drawMode":0,"name":"Shaded","section":"Shading Mode"},"sceneLighting":true,"audioPlay":false,"sceneViewState":{"showFog":true,"showMaterialUpdate":false,"showSkybox":true,"showFlares":true,"showImageEffects":true,"showParticleSystems":true},"in2DMode":false,"pivot":{"x":-36.918514251708987,"y":5.2121100425720219,"z":-8.113855361938477},"rotation":{"x":0.01294740941375494,"y":0.4731208086013794,"z":0.006964277941733599,"w":-0.8808959722518921},"size":24.32233238220215,"orthographic":false}